{
    "type": "minecraft:crafting_shaped",
    "category": "misc",
    "pattern": [
      "hsh",
      "aga",
      "hsh"
    ],
    "key": {
      "s": {
        "item": "minecraft:glistering_melon_slice"
      },
      "g": {
        "item": "minecraft:golden_apple"
      },
      "h": {
        "item": "minecraft:honey_bottle"
      },
      "a": {
        "item": "minecraft:golden_carrot"
      }
    },
    "result": {
      "id": "cobblemon:rare_candy"
    }
  }
  