{
	"result": {
		"id": "minecraft:light_gray_terracotta",
		"count": 8
	},
	"type": "crafting_shaped",
	"pattern": [
		"###",
		"#O#",
		"###"
	],
	"key": {
		"#": [
			{
				"item": "minecraft:white_terracotta"
			},
			{
				"item": "minecraft:orange_terracotta"
			},
			{
				"item": "minecraft:magenta_terracotta"
			},
			{
				"item": "minecraft:light_blue_terracotta"
			},
			{
				"item": "minecraft:yellow_terracotta"
			},
			{
				"item": "minecraft:lime_terracotta"
			},
			{
				"item": "minecraft:pink_terracotta"
			},
			{
				"item": "minecraft:gray_terracotta"
			},
			{
				"item": "minecraft:cyan_terracotta"
			},
			{
				"item": "minecraft:purple_terracotta"
			},
			{
				"item": "minecraft:blue_terracotta"
			},
			{
				"item": "minecraft:brown_terracotta"
			},
			{
				"item": "minecraft:green_terracotta"
			},
			{
				"item": "minecraft:red_terracotta"
			},
			{
				"item": "minecraft:black_terracotta"
			}
		],
		"O": {
			"item": "minecraft:light_gray_dye"
		}
	}
}