{
	"result": {
		"id": "minecraft:pink_glazed_terracotta",
		"count": 8
	},
	"type": "crafting_shaped",
	"pattern": [
		"###",
		"#O#",
		"###"
	],
	"key": {
		"#": [
			{
				"item": "minecraft:white_glazed_terracotta"
			},
			{
				"item": "minecraft:orange_glazed_terracotta"
			},
			{
				"item": "minecraft:magenta_glazed_terracotta"
			},
			{
				"item": "minecraft:light_blue_glazed_terracotta"
			},
			{
				"item": "minecraft:yellow_glazed_terracotta"
			},
			{
				"item": "minecraft:lime_glazed_terracotta"
			},
			{
				"item": "minecraft:gray_glazed_terracotta"
			},
			{
				"item": "minecraft:light_gray_glazed_terracotta"
			},
			{
				"item": "minecraft:cyan_glazed_terracotta"
			},
			{
				"item": "minecraft:purple_glazed_terracotta"
			},
			{
				"item": "minecraft:blue_glazed_terracotta"
			},
			{
				"item": "minecraft:brown_glazed_terracotta"
			},
			{
				"item": "minecraft:green_glazed_terracotta"
			},
			{
				"item": "minecraft:red_glazed_terracotta"
			},
			{
				"item": "minecraft:black_glazed_terracotta"
			}
		],
		"O": {
			"item": "minecraft:pink_dye"
		}
	}
}